{
    "total_runtime": 44.27158546447754,
    "num_documents": 1,
    "input_load_time": 0,
    "workflows": {
        "create_base_text_units": {
            "overall": 0.2678263187408447,
            "0_orderby": 0.007588386535644531,
            "1_zip": 0.004984378814697266,
            "2_aggregate_override": 0.0118255615234375,
            "3_chunk": 0.17908549308776855,
            "4_select": 0.004827737808227539,
            "5_unroll": 0.009505987167358398,
            "6_rename": 0.0035696029663085938,
            "7_genid": 0.003999948501586914,
            "8_unzip": 0.005017757415771484,
            "9_copy": 0.0030052661895751953,
            "10_filter": 0.03135061264038086
        },
        "create_base_extracted_entities": {
            "overall": 18.3889319896698,
            "0_entity_extract": 18.367697715759277,
            "1_merge_graphs": 0.015520334243774414
        },
        "create_summarized_entities": {
            "overall": 2.239013433456421,
            "0_summarize_descriptions": 2.233163356781006
        },
        "create_base_entity_graph": {
            "overall": 0.031129837036132812,
            "0_cluster_graph": 0.02009272575378418,
            "1_select": 0.006021022796630859
        },
        "create_final_entities": {
            "overall": 0.596381664276123,
            "0_unpack_graph": 0.006903171539306641,
            "1_rename": 0.0059392452239990234,
            "2_select": 0.0060613155364990234,
            "3_dedupe": 0.009613752365112305,
            "4_rename": 0.0068852901458740234,
            "5_filter": 0.0174102783203125,
            "6_text_split": 0.006966829299926758,
            "7_drop": 0.009037494659423828,
            "8_merge": 0.010020256042480469,
            "9_text_embed": 0.48452138900756836,
            "10_drop": 0.008445024490356445,
            "11_filter": 0.018550872802734375
        },
        "create_final_nodes": {
            "overall": 0.18350815773010254,
            "0_layout_graph": 0.0164797306060791,
            "1_unpack_graph": 0.010691642761230469,
            "2_unpack_graph": 0.00988912582397461,
            "3_filter": 0.021822452545166016,
            "4_drop": 0.009878158569335938,
            "5_select": 0.008984804153442383,
            "6_rename": 0.010582685470581055,
            "7_convert": 0.05675220489501953,
            "8_join": 0.020621776580810547,
            "9_rename": 0.010040283203125
        },
        "create_final_communities": {
            "overall": 0.24819469451904297,
            "0_unpack_graph": 0.011546134948730469,
            "1_unpack_graph": 0.012533426284790039,
            "2_aggregate_override": 0.01674056053161621,
            "3_join": 0.01770496368408203,
            "4_join": 0.015068769454956055,
            "5_concat": 0.011505842208862305,
            "6_filter": 0.028027057647705078,
            "7_aggregate_override": 0.01559591293334961,
            "8_join": 0.028081893920898438,
            "9_filter": 0.028681516647338867,
            "10_fill": 0.013048648834228516,
            "11_merge": 0.014372825622558594,
            "12_copy": 0.013164043426513672,
            "13_select": 0.012584447860717773
        },
        "join_text_units_to_entity_ids": {
            "overall": 0.0587611198425293,
            "0_select": 0.012894392013549805,
            "1_unroll": 0.016195297241210938,
            "2_aggregate_override": 0.015254497528076172
        },
        "create_final_relationships": {
            "overall": 0.1909046173095703,
            "0_unpack_graph": 0.01546168327331543,
            "1_filter": 0.03273630142211914,
            "2_rename": 0.014931440353393555,
            "3_filter": 0.032160282135009766,
            "4_drop": 0.014769315719604492,
            "5_compute_edge_combined_degree": 0.01816868782043457,
            "6_convert": 0.03171110153198242,
            "7_convert": 0.015319347381591797
        },
        "join_text_units_to_relationship_ids": {
            "overall": 0.08353209495544434,
            "0_select": 0.01621532440185547,
            "1_unroll": 0.016769886016845703,
            "2_aggregate_override": 0.018042325973510742,
            "3_select": 0.0179593563079834
        },
        "create_final_community_reports": {
            "overall": 18.686410665512085,
            "0_prepare_community_reports_nodes": 0.018053293228149414,
            "1_prepare_community_reports_edges": 0.018028974533081055,
            "2_restore_community_hierarchy": 0.020084142684936523,
            "3_prepare_community_reports": 0.03905820846557617,
            "4_create_community_reports": 18.556907176971436,
            "5_window": 0.018194913864135742
        },
        "create_final_text_units": {
            "overall": 0.15062999725341797,
            "0_select": 0.018002748489379883,
            "1_rename": 0.019055843353271484,
            "2_join": 0.022943496704101562,
            "3_join": 0.023999452590942383,
            "4_aggregate_override": 0.02863907814025879,
            "5_select": 0.019991636276245117
        },
        "create_base_documents": {
            "overall": 0.21767854690551758,
            "0_unroll": 0.021175146102905273,
            "1_select": 0.01878046989440918,
            "2_rename": 0.02051568031311035,
            "3_join": 0.023789167404174805,
            "4_aggregate_override": 0.02299809455871582,
            "5_join": 0.02458786964416504,
            "6_rename": 0.02299976348876953,
            "7_convert": 0.042999267578125
        },
        "create_final_documents": {
            "overall": 0.041796207427978516,
            "0_rename": 0.020992755889892578
        }
    }
}